IATA;NomeCompagnia
02Q;Titan Airways
04Q;Tradewind Aviation
06Q;Master Top Linhas Aereas Ltd.
07Q;Flair Airlines Ltd.
0BQ;DCA
0CQ;ACM AIR CHARTER GmbH
0HQ;Polar Airlines de Mexico d/b/a Nova Air
0J;JetClub AG
0JQ;Vision Airlines
0Q;Flying Service N.V.
16;PSA Airlines Inc.
17;Piedmont Airlines
1I;Sky Trek Int'l Airlines
2E;Smokey Bay Air Inc.
2F;Frontier Flying Service
2M;Midway Express Airlines
2O;Island Air Service
2R;Regal Air
2T;Canada 3000 Airlines Ltd.
2U;Valley Air Express Inc.
37;Zeal 320
3M;Gulfstream Int
3Z;Tatonduk Flying Service
4B;Olson Air Service
4E;Tanana Air Service
4H;Belize Trans Air
4M;LAN Argentina
4N;Air North
4R;Regent Air Corporation
4T;Belair Airlines Ltd.
4W;Warbelow
4Y;Yute Air Aka Flight Alaska
5B;Bellair Inc.
5C;C.A.L Cargo Airlines
5D;Aerolitoral
5F;Arctic Circle Air Service
5J;Private Jet Expeditions
5X;United Parcel Service
5Y;Atlas Air Inc.
6A;Aviacsa Airlines
6B;Britannia Airways A.B.
6C;Cape Smythe Air Service
6F;Laker Airways Inc.
6H;Israir Airlines
6P;Pacific East Air Inc.
6R;Aerounion Aerotransporte de Carga Union SA de CV
6U;Air Ukraine
6Y;Nicaraguense De Aviacion Sa
7B;Krasair
7F;First Air
7G;MK Airlines Ltd.
7H;Era Aviation
7M;Aeromonterrey S.A.
7N;Inland Aviation Services
7P;Apa International Air S.A.
7S;Arctic Transportation
7Z;Lb Limited
8C;Air Transport International
8D;Servant Air Inc.
8E;Bering Air Inc.
8F;Wilburs Inc.
8J;Jetall Airways
8L;Servicio Aereo Leo Lopez
8N;Flagship Airlines Inc.
8Q;Baker Aviation Inc.
8R;Edelweiss Air Ag
8V;Wright Air Service
9E;Pinnacle Airlines Inc.
9J;Pacific Island Aviation
9K;Cape Air
9L;Colgan Air
9M;Central Mountain Air
9N;ANA & JP Express Co. Ltd.
9R;Flagship Express Services
9S;Southern Air Inc.
A0;Elysair d/b/a L'Avion
A2;Cielos De Peru
A4;Southern Wind Airlines
A7;Air Comet S.A.
AA;American Airlines Inc.
AAA;Associated Aviation Act.
AAB;Antilles Air Boats Inc.
AAE;AAA Airlines
AAI;Audi Air Inc.
AAL;Argosy Air Lines Inc.
AAP;Armstrong Air Service Inc.
AAQ;Advance Air Charters
AAR;Altair Airlines Inc.
AAT;Air Sunshine Inc.
AAV;Alpine Air
AAZ;Alaska Aeronautical Indust.
ABH;Air Bahia
ABI;Airbama Incorporated
ABO;Aeronaves Boringuena Inc.
AC;Air Canada
ACA;Alaska Central Airways Inc.
ACD;Academy Airlines
ACG;Air Cargo Express Inc.
ACH;Island Airlines Hawaii Inc.
ACI;AAA-Action Air Carrier Inc.
ACJ;Atlantic Coast Jet Inc.
ACK;Air Central Inc.
ACL;Check-Air Inc.
ACN;Alliance Airlines
ACO;Air Cargo Enterprises Inc.
ACP;Air Chaparral Inc.
ACQ;Aeronautica De Cancun
ACS;Alamo Commuter Airlines
ACW;Transwest Air Express
AD;Avia Leasing Company
ADQ;Aeronaves Del Peru
ADR;Adirondack Airlines
ADV;Advantage Airlines
AE;Air Europe Limited
AEC;Astec Air East Inc.
AED;Air East Of Delaware Inc.
AEF;Aero Freight
AEO;Aero Coach
AEQ;Air Caravane Inc.
AEX;Air Excursions LLC
AF;Compagnie Nat'l Air France
AFA;American Flag Airlines Inc.
AFE;Air Florida Express
AFG;American Flight Group
AFQ;Aero B Venezuela C.A.
AFS;Arcata Flying Service
AGA;Air Cargo America Inc.
AGQ;Argo S. A.
AHA;Air Alpha
AHC;Air Hawaii
AHQ;Air National
AI;Air-India
AIA;All Island Air
AIC;Air Caribbean
AIE;Air Express Inc.
AIG;Airgo Inc.
AIK;Air Ketchum Idaho Inc.
AIM;Air Mont. Inc.
AIN;Air Indiana
AIQ;Norontair
AIT;Airways International
AIY;Alliance Air
AJ;Air Micronesia Inc.
AJQ;Aerodynamics Inc.
AKQ;Airmark Airlines Inc.
AL;Skyway Airlines
ALD;Allied Airlines
ALE;Air-Lift Associates Inc.
ALI;Brandt Air
ALK;Air Link Airways
ALL;All Seasons Air Pacific
ALQ;Alberta Northern Airlines
ALS;Air L.A.
ALT;Altus Airlines
ALU;Aleutian Air
ALX;Atlanta Express
AM;Aeromexico
AMA;North American Airlines Inc.
AME;Americair Inc.
AMI;American Inter-Island Inc.
AMQ;Ameristar Air Cargo
AMR;AvAir
AMT;American Air Transport
ANB;Air Nebraska Inc.
ANC;Atlantic Air
AND;Southcentral Air Inc.
ANI;Dash Air Corporation
ANM;Airways Of New Mexico Inc.
ANO;Metro Air Northeast Vermont
ANT;Air North/Nenana
AO;Aviacion Y Comercio S.A.
AOI;Trans New York
AON;Action Airlines
AOQ;Aerovias S.A.
AOR;Air New Orleans
APE;Air Cape
APH;Alpha Air
API;Arizona Pacific Inc.
APL;Appalachian Flying Service
APN;Aspen Airways Inc.
APQ;Alas De Transporte Int'l
APS;Air Spirit Inc.
APY;Air Polynesia Inc.
AQ;Aloha Airlines Inc.
AR;Aerolineas Argentinas
ARA;Air Resorts Airlines
ARB;Air Caribe International
ARD;Airlift International
ARI;Arizona Aero Corp.
ARM;Airmarc Airlines Inc.
ARN;Arnold Aviation
ARO;Air Oregon
ARP;Airspur Helicopters Inc.
ARQ;Aerovias Colombianas Arca
ARR;Arrowhead Airways Inc.
ARS;Air Sedona
ARZ;Arizona Airways
AS;Alaska Airlines Inc.
ASC;Air South Inc.
ASD;Amistad Airlines
ASH;Air South
ASI;Alpine Air Services Inc.
ASN;Air Casino
ASP;Asap Air Inc.
ASQ;Aerosur
ASR;Astor Air
AST;Astro Airways
ASW;Sunrise Airlines Inc.
AT;Royal Air Maroc
ATH;Air Southeast
ATN;Air Atlantic Airlines Inc.
ATO;Pacific National Airways
ATQ;Aero Tranportes Panamenos
ATS;Atlantis Airlines Inc.
ATT;Aerotransit Inc.
ATX;Air Carolina
AUQ;Antonov Design Bureau
AUX;Austin Express Inc.
AV;Aerovias Nac'l De Colombia
AVA;Air Vectors Airways
AVC;Av Center Inc.
AVG;Airvantage
AVI;Aero Virgin Islands Corp.
AVL;Aviation Sales
AVQ;Aero Laguna S.A. De C.V.
AVR;Air Vermont Inc.
AVS;Aviation Services
AVZ;Southern Jersey Airways
AWA;Air West Airlines
AWQ;Aermediterranea S.P.A.
AX;Trans States Airlines
AXQ;Aeron Int'l Airlines Inc.
AY;Finnair Oy
AYQ;Aerodan S.A. De C.V.
AZ;Alitalia-Linee Aeree Italia
AZP;Arizona Pacific Airways
AZQ;Anglo Airlines Ltd.
B4;Globespan Airways Limited d/b/a Flyglobespan
B6;JetBlue Airways
BA;British Airways Plc
BAA;Aero International Airlines
BAC;Business Aircraft Corp.
BAH;Brennan & Hargreaves Inc.
BAK;Bankair Inc.
BAN;Bangor International Air
BAQ;Aero Rentas De Coahuila S.A. De C.V.
BAR;Bard-Air Corp.
BAT;West Penn Commuter
BAY;Burlington Aeroplane Co.
BBQ;Balair Ag
BCA;Baja Cortez Airlines
BCQ;Bradley Air Services Ltd.
BD;British Midland Airways Ltd.
BDE;Jet Express
BDQ;Aerotaxis De Aguascalientes S.A. De C.V.
BE;Braniff Int'l Airlines Inc.
BEA;Business Express Airlines
BEN;Bennington Aviation Inc.
BEQ;Air Belgium
BEY;Beyer Aviation
BF;Markair Inc.
BFG;Million Air
BFQ;Buffalo Airways Inc.
BG;Biman Bangladesh Airlines
BGQ;Airbus Transport Internat'l
BHK;Blackhawk Airways Inc.
BHO;Bighorn Airways Inc.
BIA;Big Island Air
BIQ;Servicios Aeronauticos Z S.A. De C.V.
BIR;Birchwood Air Service
BJQ;Taxirey S.A. De C.V.
BLQ;Air Bvi Limited
BM;Belize Air Int'l Ltd.
BMT;Bremerton Aviation Inc.
BN;Britannia Airways GmbH
BNQ;Netjets Large Aircraft Company L.L.C.
BOA;Boise Air Service
BOI;Bo-S-Aire Airlines Inc.
BOQ;Transp. Aereos Bolivianos
BQ;Aeromar C. Por A.
BR;Eva Airways Corporation
BRK;Barken International
BRO;Brower Airways Inc.
BRQ;Thomas Cook Airlines Uk Ltd.
BRW;Barrow Air
BTQ;Brasair Transportes Aereos
BUH;Business Helicopters
BUQ;Wrangler Aviation Inc.
BUR;Burlington Airways Inc.
BW;British West Indian Airways
BXQ;Spantax S. A.
BY;Britannia Airways Ltd.
BYA;Bay Air
C6;Canjet Airlines
C8;Chicago Express Airlines
CA;Air China
CAC;Coleman Air Transport
CAF;California Seaboard
CAI;Crawford Aviation Inc.
CAM;C & M Airlines
CAP;Metro Air Northeast N Y
CAQ;Challenge Air Luftverkehrs GmbH
CAT;Catalina Airlines Inc.
CAV;Air Virginia
CAZ;CAT Aviation
CB;Air One Inc.
CBA;Carriba Air Inc.
CBQ;Copper River Air Taxi
CC;Air Atlanta Icelandic
CCA;Cityhop
CCO;Chester County Aviation
CDQ;Kitty Hawk International
CEN;Cen-Tex Airlines Inc.
CEQ;All Canada Express
CF;Compan. De Aviacion Faucett
CGA;Chicago Airlines
CGL;Viking Int'l Airlines Inc.
CGO;Chicago Air Taxi
CH;Bemidji Airlines
CHD;Chandler Flyer
CHE;Charter Airlines
CHF;Hammonds Commuter Air Serv.
CHI;Chitina Air Service
CHL;Channel Flying Inc.
CHO;Choi Aviation Inc.
CHS;Christman Air System
CHT;Charter One
CI;China Airlines Ltd.
CIQ;A/S Conair
CIS;Cal Sierra Airlines
CJ;Colgan Airways Inc.
CK;China Cargo Airline
CKI;Inlet Airlines
CL;Capitol International Inc.
CLB;Columbia Pacific Airlines
CLD;Hawaii Pacific Helicopters
CLF;California Air Shuttle
CLQ;Aero Transcolombiana
CMB;Combs Airways Inc.
CMD;Command Airways Inc.
CMQ;Servicio De Carga Aerea Sa
CNN;Centennial Airlines
CO;Continental Air Lines Inc.
COB;Cotton Belt Aviation Inc.
COC;Cochise Airlines Inc.
COK;Coker Aviation Inc.
COL;Presidential Express
COM;Commutair
COR;Coral Air Inc.
COS;Cosmopolitan Comm. Airline
COT;Southeastern Commuter
COU;Courtesy Air Service Inc.
CP;Compass Airlines
CPA;Capitol Air Lines
CPC;Coastal Plains Commuter Inc.
CPQ;Capitol Air Express Inc.
CPT;Capitol Air
CQI;Conquest Airline Corp.
CRA;Commuter Airlines
CRB;Caribair
CRE;Caribbean Express Inc.
CRH;Cresent Medivac
CRN;Crown Aviaiton Inc.
CRO;Crown Airways Inc.
CRP;Corporate Air
CRT;Crested Butte Air Service
CS;Continental Micronesia
CSA;Casino Airlines
CSK;Catskill Airways Inc.
CSL;Central States Air Lines
CSM;Chisum Flying Service
CSQ;Celtic Tech Jet Ltd.
CTA;Century Airlines
CTH;Cothron Aviation
CTL;Coastal Air Transport
CTQ;Custom Air Transport
CTR;Chartair
CUQ;Caicos Caribbean Airways
CUS;Custom Air Service
CV;Cargolux Airlines Int'l S.A
CVA;Catalina-Vegas Airlines
CVQ;Caraven S.A.
CW;Air Marshall Islands Inc.
CWQ;Canadian Aviation Express
CX;Cathay Pacific Airways Ltd.
CYQ;Corse Air International
CZ;China Southern Airlines
CZQ;Aviation Concepts
DA;Dan Air Services
DAN;Danbury Airlines
DAU;Dauphin Island Airways
DC;Caribbean Air Cargo Co Ltd.
DE;Condor Flugdienst
DEA;Downeast Airlines Inc.
DEC;Decatur Aviation
DFS;Downeast Flying Service
DH;Independence Air
DHL;DHL Airlines Inc.
DHQ;DHL Aero Expresso
DIA;Drummond Island Air
DIC;Dickman Aviation Services
DIR;Northern Star
DL;Delta Air Lines Inc.
DM;Maersk Air I/S
DO;Compania Dominicana De Avia
DOL;Dolphin Airways Inc.
DOQ;Aerolineas Dominicanas S A
DPA;Desert Pacific Airways
DPI;Desert Pacific Airlines Inc.
DQQ;Caribwest Airways Ltd.
DSA;Desert Sun Airlines
DST;Desert Airlines
DUL;Dulles Express
DUZ;Summit Airlines Inc.
DVO;Devoe Airlines
DWN;Dawn Air
DXA;Dolphin Express
E7;Estafeta Carga Aereas
E72;European Aviation Air Charter
E8;USAfrica Airways Inc.
E9;Boston-Maine Airways
EA;Eastern Air Lines Inc.
EAI;Executive Aviation Inc.
EAS;Eastern Caribbean Airways
EAT;Eastman Airways Inc.
EBQ;Execaire Aviation Ltd.
ECI;Eastern Carolina Aviation
ECL;Eclipse Airlines
ECQ;Trans American Charter
ECR;East Coast Airways
ED;Andes
EDE;Ede Aire
EET;Exec Express II
EEX;Exec Express
EEZ;Eagle Aviation Inc.
EFA;Executive Four Winds
EFQ;Trans Europ. Airways France
EGA;Eagle Airline
EGJ;Eagle Jet Charter
EGL;Eagle Commuter Airlines Inc.
EH;Saeta Airlines
EHA;East Hampton Aire Inc.
EI;Aer Lingus Plc
EIA;East. Indiana Aviation Sale
EJQ;Aeroejecutivos C.A.
EK;Emirates
EKA;Air Pacific Inc.
ELL;Ellis Air Taxi Inc.
EM;Empire Airlines Inc.
EMA;Emerald Airlines
EME;Metro Express
ENT;Enterprise Airlines Inc.
EOQ;Aeroservicios Ecuatorianos
EP;All Star Airlines Inc.
ER;Astar Air Cargo Inc.
ERI;Erie Airways Inc.
ERO;Empire Aero Service
ESQ;Seagreen Air Transport
ET;Ethiopian Airlines
EU;Ecuatoriana De Aviacion
EUQ;Air Atlanta Europe
EV;Atlantic Southeast Airlines
EVA;Evanston Aviation
EWA;Rio Grande Air
EXC;Executive Charter
EXP;Express Airlines II
EXQ;Export Air Del Peru S.A.
EXR;Executive Transport
EY;Etihad Airways
EZ;Evergreen Int'l Inc.
F2;Omega Air Holdings d/b/a Focus Air
F8;Freedom Airlines d/b/a HP Expr
F9;Frontier Airlines Inc.
FAA;Falwell Aviation Inc.
FAC;Falcon Airways Inc.
FAR;Federal Armored Service Inc.
FB;Translift Airways Limited
FBI;Young Flying Service
FCA;Southern Airlines Inc.
FCQ;Falcon Air Express
FD;Air Puerto Rico Airlines
FDA;Florida Airlines Inc.
FDM;Freedom Airlines Inc.
FDQ;Great American Airways
FE;Primaris Airlines Inc.
FF;Tower Air Inc.
FFQ;Five Star Airlines
FH;Frontier Horizon Inc.
FI;Icelandair
FJ;Air Pacific Ltd.
FL;AirTran Airways Corporation
FLA;Florida Air
FLM;Flamenco Airways Inc.
FLR;Flirite Inc.
FNQ;Fine Airlines Inc.
FOR;Ford-Aire Inc.
FOS;Foster Aviation
FQ;Air Aruba
FRA;Freedom Air
FRS;Four Star Aviation
FRT;Frontier Commuter
FRW;Farwest Airlines
FS;Serv De Trans Aereos Fuegui
FSA;F.S. Air Service
FT;Flying Tiger Line Inc.
FTI;Southern Airways
FVA;Skycraft Inc.
FW;Skybus Inc.
FWA;Far West Airlines
FX;Federal Express Corporation
FYB;Flying Boat
G3;Aerochago S.A.
G4;Allegiant Air
GA;P.T. Garuda Indonesian Arwy
GAL;Galena Air Service
GAQ;Galaxy Airlines Inc.
GAS;General Aviation Inc.
GAT;Gulf Air Taxi
GAV;Gromer Aviation Inc.
GBA;Central States Airline
GBQ;G5 Executive Ag
GCA;Golden Carriage Aire
GCH;Grand Canyon Helicopters
GCQ;General Air Cargo
GCS;Midway Commuter
GD;Transp. Aereos Ejecutivos
GDW;Golden West Airlines Inc.
GE;Lufthansa Cargo Airlines
GF;Gulf Air Company
GFC;Gulf Flite Center
GFQ;Gulf And Caribbean Cargo
GH;Ghana Airways Corporation
GHA;Green Hills Aviation Ltd.
GIQ;Global Int'l Airways Corp.
GJ;Eurofly S.p.A
GKQ;Laker Airways
GL;Miami Air International
GLW;Golden West Airlines Co.
GM;Air America
GMA;Green Mountain Airlines Ltd.
GOF;Copper State Airlines
GPA;GP Express Airlines
GQ;Big Sky Airlines Inc.
GR;Gemini Air Cargo Airways
GRA;Gorda Aero Service
GRD;Grand Canyon Airlines
GRO;Isle Royale Seaplane Serv.
GS;Air Foyle Limited
GSA;Golden Gate Airlines Inc.
GSC;GCS Air Service
GSL;Golden South Airlines Inc.
GSQ;Global Supply System
GST;Golden State Airlines
GU;Aviateca
GUL;Gull Air Inc.
GUN;Gunnel Aviation Inc.
GV;Grant Aviation
GW;Central American Airlines
GWA;Great Western Aviation
GWE;Ross Aviation Inc.
GX;Air Ontario Limited
GY;Guyana Airways Corporation
H2;City Bird
H5;Magadan Airlines
H6;Hageland Aviation Service
HA;Hawaiian Airlines Inc.
HAQ;Hapag Lloyd Flug.
HAR;Friendship Air Alaska
HB;Homer Air
HBQ;Harris Air Services
HCQ;Av Atlantic
HEL;Helitrans
HEP;Hub Express
HER;Markair Express
HET;Helitac Aviation
HEU;Heussler Air Service Corp
HFQ;Haiti Air Freight Intl
HFS;Hensley Flying Service Inc.
HIQ;Business Flights Ltd.
HJ;Air Haiti S. A.
HK;Time Air Sweden Ab
HLQ;Heavylift Cargo Airlines Lt
HMZ;Long Island Airlines
HNS;Haines Airways
HOL;Holiday Airlines Inc.
HOQ;Holidair Airways
HOR;Iowa Airlines
HPZ;Pacific Coast Airlines
HQ;Harmony Airways
HQQ;Harlequin Air Corporation
HRA;Trans-National Airlines Haw
HRG;Heritage Airlines
HRQ;Tar Airlines
HRZ;Allegheny Airlines
HSV;Harbor Air Service
HSZ;Scenic Airlines Inc.
HU;Hainan Airlines Company Limited
HUB;Skystream Airlines
HVQ;Transavia Holland B. V.
HWK;Hawking Corporation
HX;Guy-America Airways Inc.
HY;Uzbekistan Airways
HYA;Hyannis Aviation
IA;Iraqi Airways
IB;Iberia Air Lines Of Spain
ICF;Iowa City Flying Service
ICH;Island Air Charters
ICQ;Iscargo Hf
IDQ;Intl Air Service Co. Ltd.
IEX;Island Air Express
III;Idee Industries Inc.
IKQ;Tradewinds Airways Ltd.
IMP;Imperial Airlines Inc.
IN;Aerlinte Eireann Teoranta
INA;Inland Empire Airlines Inc.
INQ;Independent Air Inc.
IOW;Iowa Airways
IPI;Indo-Pacific International
IPQ;Aruba Cargo
IPS;Island Express
IR;Iran National Airlines Corp
IRQ;Interstate Airlines Inc.
IS;Island Airlines Inc.
ISL;Island Airlines
ITQ;Interamericana De Aviacion
IW;Air Liberte Aka Aom Minerve
IXQ;Inair
J5;Alaska Seaplane Service
J6;Larrys Flying Service
J7;Valujet Airlines Inc.
JAG;JetAlliance Flugbetriebs d/b/a JAF Airservice
JAM;Sunbelt Airlines Inc.
JAQ;Jamaica Air Freighters
JB;Helijet International Inc.
JCM;Air Chico
JCQ;Jet Connection Businessflight Ag
JCZ;Rocky Mountain Airways Inc.
JD;Japan Air System Co. Ltd.
JER;Jer-Don Air
JF;L.A.B. Flying Service Inc.
JI;Jade Cargo International
JIQ;Jet Fleet Intl. Airlines
JJ;Transportes Aeros Meridiona
JK;Spanair S.A.
JKQ;Express One Int'l Inc.
JL;Japan Air Lines Co. Ltd.
JM;Air Jamaica Limited
JMA;Jim Air Inc.
JN;Excel Airways
JO;Jalways Co. Ltd.
JR;Aero California
JTA;Jetaire Airlines Inc.
JU;Yugoslav Airlines
JW;Arrow Air Inc.
JX;Southeast Airlines
JXQ;Allarco Developments Ltd.
JZ;Japan Air Charter Co. Ltd.
K3;Venture Travel LLC d/b/a Taquan Air Service
K5;Wings Of Alaska
K7;Arizona Express
K8;Dutch Caribbean Airlines
KA;Hong Kong Dragonair
KAH;Kenmore Air Harbor
KAI;Knight Airlines Inc.
KAQ;Kalitta Air LLC
KAT;Katmai Air
KB;Haiti Air
KE;Korean Air Lines Co. Ltd.
KEA;Keene Airways
KEE;Key Airlines
KET;Ketchikan Air Service
KFS;King Flying Service
KI;Time Air Ltd.
KIN;Golden Pacific Airlines
KKQ;Transmeridian Air Cargo Ltd.
KL;Klm Royal Dutch Airlines
KLQ;Kalitta Charters II
KM;Air Malta
KN;Morris Air Corporation
KO;Alaska Central Express
KOD;Kodiak Airways Inc.
KP;Kiwi International
KR;Kitty Hawk Aircargo
KS;Peninsula Airways Inc.
KTQ;Turks Air Ltd.
KU;Kuwait Airways Corp.
KW;Carnival Air Lines Inc.
KWQ;Kelowna Flightcraft Air Cha
KWZ;Crown Air
KX;Cayman Airways Limited
KXZ;Chaparral Airlines Inc.
KZ;Nippon Cargo Airlines
L2;Lynden Air Cargo Airlines
L4;Lynx Aviation d/b/a Frontier Airlines
LA;Lan-Chile Airlines
LAA;La Skycab Airline
LAH;La Helicopter
LAN;Lancer Aviation Inc.
LAP;Lapsa
LAR;Laredo Air
LAS;Lake Union Air Service
LAW;Lawrence Aviation
LB;Lloyd Aereo Boliviano S. A.
LBQ;Millon Air Inc.
LC;Varig Logistica S/A
LCQ;Latcr
LCT;Lake Coastal
LEQ;Le Point Air
LEX;L'Express
LF;Jettrain Airlines
LG;Luxair
LGQ;Lineas Aereas Allegro
LH;Lufthansa German Airlines
LHA;Havasu Airlines
LKN;Loken Aviation
LLA;Lakeland Aviation
LNQ;Aerolineas Latinas
LO;Polskie Linie Lotnicze
LOQ;Lorair Ltd.
LOS;Aero Commuter
LP;Lan Peru Airlines
LR;Lacsa
LRQ;Air Liberte
LSQ;Lineas Aereas Suramerican
LSZ;Alaska Island Air Inc.
LT;Luftransport-Unternehmen
LU;Air Atlantic Dominicana
LUQ;Lineas Aereas La-Tur Sa
LVA;Las Vegas Airlines
LW;Pacific Wings Airlines
LX;Swiss International Airlines
LXQ;Translux Intl Airlines
LY;El Al Israel Airlines Ltd.
LZ;Balkan Bulgarian Airlines
LZQ;Leisure Int'l Airways Ltd.
M3;ABSA-Aerolinhas Brasileiras
M6;Amerijet International
M7;Aerotransportes Mas De Crga
MA;Malev Hungarian Airlines
MAA;Maui Airlines
MAC;Mackey International Inc.
MAE;Mid-Atlantic Exp. Airlines
MAG;Magum Airlines
MAI;The Maui Commuter
MAQ;Millardair Limited
MAR;Marshall's Air Inc.
MAV;Maverick Airways
MAX;Maxair Inc.
MB;Samoa Airlines Inc.
MC;Transtar Airlines Corp.
MCO;Mid Continental Airlines In
MDC;Midcontinent Airlines
MDU;Metro Airlines
ME;Middle East Airlines S.A.L.
MEA;Manhattan Express
MET;Metroplex Airlines
MEX;Metro Express 11
MG;Champion Air
MGQ;Montana Austria Flugetrieb
MH;Malaysian Airline System
MHK;Mohawk Airlines
MHO;Mahalo Air
MIN;Minuteman Aviation Inc.
MIS;Midstate Airlines Inc.
MIY;Midway Aviation Inc.
MJ;Lapa-Lineas Aereas Privadas
MKQ;Airmark Corporation
ML;Aero Costa Rica
MLL;Miller Air Transportersinc
MLX;Merlin Express
MM;Euro Atlantic Airways
MMH;Ocean Airways Inc.
MNA;M & N Aviation
MNZ;Cumberland Airlines
MOQ;Morningstar Air Express
MP;Martinair Holland N.V.
MPA;Mid Pacific Airlines Inc.
MPC;Mid Pacific Air Corp.
MQ;American Eagle Airlines Inc.
MRC;Marco Island Airways Inc.
MRR;Merrimack Aviation Inc.
MS;Egyptair
MST;Midwest Aviation
MT;Flying Colours Airlines Ltd.
MTA;Arkansas Traveler Airline
MTR;Metroflight Airlines
MTV;Mst Aviation
MTX;Mountain Air Express
MU;China Eastern Airlines
MUA;Manu'a Air Transport
MUQ;Aerolineas Mundo
MVA;Mississippi Valley Airlines
MWA;Mountain West Airlines
MX;Compania Mexicana De Aviaci
MY;MAXjet
MZ;P.N. Merpati Nusantara Air.
N5;Skagway Air Service
N6;Aero Continente
N7;National Airlines
NA;North American Airlines
NAC;National Air Commuter Inc.
NAP;Npa Inc.
NAQ;Nationair
NAS;Nasville Eagle
NAT;National Air
NB;Sterling Cargo
NBQ;Sterling Airways A/S
NC;Northern Air Cargo Inc.
NCA;National Commuter Airlines
NCE;Northcoast Executive
ND;Intair dba Intair
NEB;New Born Wings Inc.
NEC;Nor East Commuter Airlines
NEQ;North East Cargo Airlines
NET;Nacnet
NEV;Nevada Airlines
NEW;New England Airlines Inc.
NEX;Northeast Express Regional
NFA;National Florida Airlines
NFQ;North Cariboo Flying Serv.
NG;Lauda Air Luftfahrt Ag
NGL;Northern Eagle Airways Inc.
NH;All Nippon Airways Co.
NHA;Newair Flight Inc.
NI;Lanica
NJ;Vanguard Airlines Inc.
NJA;N. J. Merrimack Airlines
NK;Spirit Air Lines
NKQ;Norcanair
NLQ;Nolinor Aviation
NN;Northward Airlines Ltd.
NOQ;Novair Airlines Ab
NPA;North Pacific Airlines Inc.
NPT;E. J. A. Newport Inc.
NQ;Air Japan Co
NRN;Northern Airlines Inc.
NSQ;North Coast Air Services
NTH;Northaire
NTQ;National Aviation Consult.
NUM;Lake State Airways
NUQ;Air Niugini
NVQ;Novair Int'l Airways Ltd.
NVX;Nevis Express
NW;Northwest Airlines Inc.
NWQ;N. W. Territorial Airways
NWS;Northwest Seaplanes
NXQ;North Vancouver Air
NY;New York Air Inc.
NYH;New York Helicopter Corp.
NZ;Air New Zealand
OA;Olympic Airways
OAK;Harbor Airlines Inc.
OB;Oasis Int'l Airlines S.A.
OC;Air California Inc.
OCR;Ocean Reef Airways Inc.
OD;Emerald Airlines Inc.
OE;Westair Airlines Inc.
OFF;Offshore Logistics
OH;Comair Inc.
OHA;Omaha Aviation
OHZ;Caribbean Air Services Inc.
OI;Prestige Airways
OIZ;Corporate Air Inc.
OK;Czech Airlines
OMH;Omniflight Helicopters
OMI;Omniflight Airways
OMK;Omak Aviation Airlines
OMN;Omni Pacific Airline
OMQ;Quassar De Mexico
ON;Air Nauru
ONQ;Nunasi-Central Airlines Ltd.
OO;Skywest Airlines Inc.
OOZ;Sun Aire Lines
OP;Flying Boat Inc.
OPQ;Orion Air
OR;TUI Airlines Nederland B.V.
ORI;Orion Air Inc.
OS;Austrian Airlines
OTT;Otter Air
OV;Aeromaritime
OW;Executive Airlines
OWQ;Ontario Worldair Limited
OWS;Air Kentucky Air Lines
OZ;Asiana Airlines Inc.
OZA;Ozark Air Lines Inc.
P9;Pro Air Inc.
PA;Florida Coastal Airlines
PAI;Permian Airways Inc.
PAQ;Patriot Airlines Inc.
PAT;Panorama Air Tours
PBA;Provincetown Boston
PBQ;Privatair
PCA;Piasa Commuter Airlines
PCL;Pacific Cal Air
PCQ;Pace Airlines
PCR;Pacair
PDA;Trans Southern Airways
PDQ;Antigua Paradise Airways
PE;Air Europe S.P.A.
PEA;Pearson Aircraft
PEQ;Prince Edward Air
PER;Air Pennsylvania
PET;Petro Aviation Corp.
PFA;Pacificair
PFQ;Asia Pacific
PH;Polynesian Airlines Ltd.
PHL;Phillips Airlines
PHR;Pinehurst Airlines Inc.
PHX;Phoenix Airlines
PI;Piedmont Aviation Inc.
PIA;Pacific Island Airways
PIQ;Pacific Int'l Airlines
PK;Pakistan Int'l Airlines
PKQ;Skyworld Airlines Inc.
PL;Aero Peru
PLA;Planes Inc.
PLQ;Planet Airways
PLZ;Polar Airways Inc.
PMA;Pacific Missionary Aviation
PMT;Pilgrim Aviation & Airlines
PN;Pan American Airways Corp.
PNM;Panama Aviation
PNQ;Panagra Airways
PNR;Pioneer Airways
PNS;Pine State Airlines
PO;Polar Air Cargo Airways
POA;Potomac Air
POC;Pocono Airlines Inc.
POL;Polar International
POM;Pompano Airways
PON;Ponderosa Aviation Inc.
POQ;Polyot Airlines
PPQ;Propair
PR;Philippine Airlines Inc.
PRA;Princeton Aviation Corp
PRD;Paradise Island Airlines
PRM;Prime Air Inc.
PRN;Puerto Rico Intl Airlines
PRO;Sundance Airlines
PRP;Propheter Aviation
PRQ;Florida West Airlines Inc.
PRR;Pro Air Services
PS;Pacific Southwest Airlines
PSA;P.S. Air Freight Inc.
PT;Capital Cargo International
PTQ;Flight International
PU;Primeras Lineas Uruguays For International
PUQ;Aeropuma
PV;Eastern Provincial Airways
PVA;Precision Valley Aviation
PW;Pacific Western Airlines
PY;Surinam Airways Limited
PZ;Lineas Aereas Paraguayas
Q2;Zambia Airways Corp.
Q5;40-Mile Air
Q7;Sobelair
QD;Grand Airways Inc.
QF;Qantas Airways Ltd.
QG;Sky West Aviation Inc.
QH;Air Florida Inc.
QK;Air Canada Regional
QN;Royal Air
QO;Aeromexpress
QOZ;Bar Harbor Airways
QQ;Reno Air Inc.
QS;Northeastern Int'l Airways
QT;Transportes Aereos Mercantiles Panamericanos S.A
QTQ;Aer Turas Teoranta
QWE;Qwest Commuter
QX;Horizon Air
RAL;Royal-Air Ltd.
RAN;Pan Am Express
RAQ;Arista Int'l Airlines Inc.
RAY;Royale Airlines Inc.
RB;Syrian Arab Airlines
RC;Republic Airlines Inc.
RD;Ryan International Airlines
RDR;Rader Aviation
RDW;Redwing Airways
REA;Realwest Airlines
RED;Aerosun Int'l Airlines Inc.
REQ;Renown Aviation
RES;Resort Airlines Inc.
RG;Varig S. A.
RGQ;Regency Air
RHA;Royal Hawaiian Airways Inc.
RIA;Trump Air
RIC;Richardson Aviation
RIO;Rio Airways Inc.
RIQ;Rich International Airways
RIV;Riverside Air Service
RJS;Michigan Airways Inc.
RK;Air Afrique
RL;UltrAir
RLQ;Reliant Airlines
RMH;Rocky Mountain Helicopters
RMV;Ram Aviation
RNQ;Mytravel Airways
RO;Tarom Romanian Air Transpor
ROA;Royal West Airways Inc.
ROE;Roederer Aviation Inc.
ROS;Great Western Airlines Inc.
ROY;Royal American Airways Inc.
RP;Chautauqua Airlines Inc.
RRT;Air Freight Express
RSC;Resort Commuter
RSQ;Aerotransportes Entre Rios
RSV;Air-Serve
RTQ;Aerotour Dominicano Cxa
RV;Reeve Aleutian Airways Inc.
RVA;Reeves Air
RW;Republic Airlines
RWG;Air Rovers Inc.
RY;Redcoat Air Cargo Limited
RZZ;Aeromech Inc.
S4;Sata Internacional
S5;Shuttle America Corp.
S6;Star Air A/S
SA;South African Airways
SAC;Sundorph Aeronautical Corp.
SAH;Sea Air Shuttle
SAI;Seair Alaska Airlines Inc.
SAJ;Sajen Air Inc.
SAL;Sallee's Aviation
SAM;Samoan Airlines Inc.
SAQ;Southern Air Transport Inc.
SAS;Air Cortez International
SAX;Air Americana
SBA;Saber Aviation Inc.
SBN;Suburban Airlines
SBQ;Skyjet S.A.
SCN;Scott Aviation
SCO;Seaco Airlines Inc.
SCT;Skyline Airlines
SCY;South Coast Airways
SDQ;St. Lucia Airways Limited
SE;Das Air Cargo
SEB;Seaborne Aviation
SEG;Seagull Air Service
SEM;Semo Aviation Inc.
SEP;Southern Express Airways
SEQ;Sky Service F.B.O.
SER;Service Aviation Inc.
SFI;Stahmannfarms Inc.
SFO;Sfo Helicopter Airlines Inc.
SFQ;Pacific Int'l Airlines Inc.
SFS;Sierra Flite Service Inc.
SG;Jetsgo
SH;Servicio Aereo De Honduras
SHS;Shasta Air Inc.
SHV;Shavano Air Inc.
SI;Sierra Pacific Airlines
SIA;Silver State Airlines
SIQ;Premiair
SJA;San Juan Airlines Inc.
SK;Scandinavian Airlines Sys.
SKI;Sunbird Inc.
SKJ;Sky-Jet
SKL;Bas Airlines
SKM;Scheduled Skyways
SKS;Silver Kris Services Ltd.
SKT;Skytrain
SLO;Slocum Air Inc.
SLQ;Sky King Inc.
SLR;Salair
SLZ;Southeast Airlines Inc.
SM;Sunworld Int'l Airlines
SMC;Stopher Mechanical Inc.
SMO;Samoa Aviation Inc.
SMQ;Serv. Aerolineas Mexicanas
SN;Sabena Belgian World Air.
SNA;Aviation Associates
SNB;Ccair
SNC;Gelco Courier Services Inc.
SNE;Shawnee Airlines
SNK;Spernak Airways Inc.
SNV;Sierra Nevada Airways
SO;Swiss World Airways
SOA;Mall Airways Inc.
SOE;Sky One Express
SOL;Soonair Lines Inc.
SOP;South Pacific Island Airway
SPF;Springfield Air Service
SPG;Springdale Air
SPH;Spirit Helicopter
SPQ;Sun Pacific International
SPR;Sportsman Flying Service
SQ;Singapore Airlines Ltd.
SR;Swissair Transport Co. Ltd.
SRA;Star Aviation
SRL;Sterling Air Service
SSA;S. S. Airways Inc.
SSP;Southern Seaplane
SSQ;Superior Airways Limited
SSS;Sierra Express Inc.
SST;Seaplane Shuttle Transport
ST;Belize Airways Limited
STA;State Airlines Inc.
STF;Trans East International
STG;Sedalia Marshall Boonvl Stg
STQ;Skycraft Air Transport Inc.
STR;Star Aviation Corporation
STW;Stateswest Airlines
STZ;Air America Inc.
SU;Aeroflot Russian Airlines
SUA;Sunshine Airlines
SUI;Sun International Airways
SUT;Sunbelt
SUX;Sunair Express LLC
SV;Saudi Arabian Airlines Corp
SVL;Sun Valley Airlines
SWA;Sunwest Airlines
SWT;Swift Aire Lines Inc.
SXP;Sierra Expressway
SY;Sun Country Airlines d/b/a Mn Airlines
SYB;Skybus Express Airlines
SYM;Skymaster
SZQ;Aerolineas El Salvador S A
T3;Tristar Airlines Inc.
T9;Transmeridian Airlines
TA;Taca Int'l Airlines
TAC;Air Colorado
TAF;Tri Air Freight
TAL;Tejas Airlines Inc.
TAQ;Taquan Air Service
TAS;Yosemite Airlines Inc.
TAT;Talarik Creek Air Taxi
TB;USAir Shuttle
TBQ;Triair Bermuda Flt Operations
TCA;Trans Catalina Airlines
TCE;Oceanair Line
TCI;Trans California Airlines
TCL;Trans-Central Airlines Inc.
TCO;Trans-Colorado Airlines
TCQ;Express.Net Airlines
TDQ;Venexcargo
TEN;Tennessee Airways Inc.
TER;Terre Haute Air Commuter
TFQ;Trans Int'l Airlines Inc.
TFZ;Tri-State Airlines Inc.
TG;Thai Airways Int'l Ltd.
TGO;Trans Air Cargo Inc.
TGQ;Tranps Aereos Guatemaltecos
TH;Transmile Air Service
THA;Tropical Helicopter Airways
THO;Thorson Aviation
THQ;T-Bird Air Inc.
TIA;Trans Air Inc.
TIE;Trans International Express
TIQ;Tyrolean Jet Service
TIS;Skyfreight
TJ;Jet Charter Service Inc.
TK;Turk Hava Yollari A.O.
TKQ;Trans-Air-Link Corporation
TLQ;Trans-Mediterranean Airways
TMA;Trans Mo Airlines
TN;Air Tahiti Nui
TNQ;Emery Worldwide Airlines
TNS;Transtate Aviation
TP;Tap-Portuguese Airlines
TPQ;Aerial Transit Company
TQQ;Taca Peru
TR;Transbrasil S.A.
TRI;Great Plains Airlines Inc.
TRO;Air Molakai
TRP;Trans Pennsylvania Airlines
TRQ;Blue Scandinavia Ab
TRR;Territorial Airlines
TS;Air Transat
TSF;American Central Airlines
TSI;Trans Sierra Airlines Inc.
TSQ;TPI International Airways
TTM;The Time Machine
TUL;Tulsair Beechcraft Inc.
TUR;Turner Aire
TV;Haiti Trans Air
TVL;Travelair
TW;Trans World Airways LLC
TWA;Trans Western Airlines Utah
TWE;Trans World Express
TX;Soc.Nouvelle Air Guadeloupe
TXA;Texas National Airlines
TXQ;British Caribbean Airways
TXY;Texas Airways
TYE;Temsco Airlines
TZ;ATA Airlines d/b/a ATA
TZQ;First Choice Airways
U2;UFS Inc.
U5;USA 3000 Airlines
U7;USA Jet Airlines Inc.
UA;United Air Lines Inc.
UAI;Universal Airways Inc.
UC;Ladeco
UD;Fast Air Carrier Ltd.
UH;US Helicopter Corporation
UMQ;Air Manila Inc.
UN;Transaero Airlines
UNQ;Overseas National Airways
UP;Bahamasair Holding Limited
URQ;Aero Uruguay
USA;Air U.S.
UT;Union De Transports Aeriens
UTQ;Universal Airlines Inc.
UX;Air Europa
UYQ;Aerolineas Uruguayas S.A.
V4;Vensecar International
V5;J.D.Valenciana De Aviation
V8;Iliamna Air Taxi
V9;Eagle Airlines
VA;Venezuelan Int'l Airways
VAG;Vagabond Aviation Inc.
VAQ;Vacationair
VAS;Valley Air Services
VB;Pacific Express
VC;Servicios Avensa
VCQ;Victory Air Transport Inc.
VE;Aerovias Venezolanas-Avensa
VER;Britt Airlines Inc.
VEZ;Valdez Airlines
VH;Aeropostal Alas De Venezuel
VI;Vieques Air Link Inc.
VIG;Viking Express
VIN;Vale International Airlines
VIQ;Volga-Dnepr Airlines
VIS;Virgin Islands Seaplane
VK;Air Tungaru Corporation
VL;Mid-South Aviation Inc.
VLA;Village Aviation
VLY;Valley Airlines
VOQ;Avalon Aviation Ltd.
VP;Viacao Aerea Sao Paulo
VQ;Vintage Props & Jets Inc.
VR;Transportes Aereos De Cabo
VS;Virgin Atlantic Airways
VSA;VistaJet Luftfahrtunternehmen GmbH
VV;Aerosvit Ukranian Airlines
VX;Virgin America
VY;Highland Express Airways
W7;Western Pacific Airlines
W8;Cargojet Airways Ltd.
W9;Eastwind Airlines Inc.
WA;Worldwide Airlines Services
WAC;Air East Airlines
WAI;Wise Airlines Inc.
WAP;Arrow Panama
WAR;Waring Air
WAW;Westward Airways Inc.
WC;Wien Air Alaska Inc.
WCA;Walker's International
WCI;Mountainwest Airlines
WD;Halisa Air
WDQ;Wardair Canada Inc.
WE;Centurion Cargo Inc.
WEB;Southeast Alaska Airlines
WEQ;Aero-Services-Corporate
WES;Western Star Airlines Inc.
WET;Western Charter Inc.
WFS;Wheeler Airlines
WFT;Westflight Aviation
WG;Sunwing Airlines Inc.
WGL;Wrangell Air Service
WGQ;Gateway Aviation Limited
WI;Tradewinds Airlines
WIA;Wisc Air
WIL;Will's Air
WIR;Williams Air Inc.
WL;World Air Network
WLH;Welch Aviation
WLQ;Worldwide Airlines Inc.
WM;Windward Islands Airways
WMA;WRANGELL MOUNTAIN AIR INC.
WN;Southwest Airlines Co.
WNG;Wings Airways
WNQ;Winair Inc.
WO;World Airways Inc.
WP;Island Air Hawaii
WRA;Wra Inc.
WRD;Ward Air
WRT;Wright Airlines Inc.
WS;Westjet
WSK;AAR Western Skyways
WST;West Isle Air
WSU;Mission Air
WT;Nigeria Airways Ltd.
WTA;Westates Airlines
WWI;Wings West Airlines
WWQ;Worldways Canada Ltd.
X9;Omni Air Express
XAA;Aero Union Corp
XAB;Air Polynesia dba DHL Cargo
XAC;Air Express Int'l Airlines
XAE;Amerford Airways Inc.
XAF;Astro-Wing Airlines Inc.
XAG;Ball Brothers Inc.
XAH;Hawaii Pacific Air
XAI;Burlington Northern Inc.
XAJ;Central American Int'l
XAK;Century Airlines Inc.
XAM;Cohlmia Aviation
XAO;Dallas Flight Center
XAQ;Cam Air International Inc.
XAR;Jet Way Inc.
XAS;Klondike Air Inc.
XAT;Michigan Peninsula Airways
XAU;Flight Line Inc.
XAY;Pat Air
XAZ;Purolator Sky Courier Inc.
XBC;Jet East Inc.
XBF;WTC Airlines
XBH;Profit Airlines Inc.
XBI;CF Air Freight
XBJ;International Air Service
XBM;Phh Air Inc.
XBP;Circle Airfreight Corp.
XBQ;Aeronaves De Puerto Rico
XBR;Allstates Air Cargo Inc.
XBT;Pacific Alaska Airlines Inc.
XBV;Nal Inc.
XBX;Icb International Airlines
XBZ;Air Natl Aircraft Sal & Ser
XCA;Hawkins And Powers Aviation
XDA;Pacific Air Express Inc.
XDC;Hemisphere Air Charter
XDD;Int'l Parcel Express Inc.
XDE;Air Train Inc.
XDF;Salair Inc.
XDH;Kitty Hawk Air Cargo
XE;Expressjet Airlines Inc.
XF;Vladivostok Air
XJ;Mesaba Airlines
XK;Aerotal
XL;Lan Ecuador
XP;Casino Express
XPA;Express Air/dba Sunrise
XPQ;International Cargo Xpress
XV;Presidential Airways Inc.
XY;Munz Northern Airlines Inc.
XYZ;Airpac Inc.
Y7;Flyjet Limited d/b/a Silverjet
Y8;Yangtze River Express Airlines Company
YB;Trans Continental Airlines
YBQ;Yellow Bird Air
YM;Royal West Airlines
YR;Scenic Airlines Inc. d/b/a Scenic Airlines
YV;Mesa Airlines Inc.
ZA;Accessair Holdings
ZAQ;Zas Airline Of Egypt
ZB;Monarch Airlines
ZE;Lineas Aereas Azteca
ZFZ;Mcphillips Flying Service
ZIA;Air New Mexico
ZK;Great Lakes Airlines
ZKQ;Zantop International
ZL;Affretair
ZMZ;Winnipesaukee Aviation Inc.
ZN;Key Airlines Inc.
ZO;Florida Express Inc.
ZP;Air St. Thomas
ZQ;Caribbean Sun Airlines
ZS;Hispaniola Airways
ZUQ;Zuliana De Aviacion
ZV;Air Midwest Inc.
ZW;Air Wisconsin Airlines Corp
ZX;Air Georgian
ZY;Atlantic Gulf Airlines
ZYZ;Skyway Aviation Inc.
